id;fecha_nacimiento;lugar_nacimiento;direccion_residencia;genero;ciudad;telefono;discapacidad;redes_sociales;licencencia_conduccion;perfil_profesional;usuario_id
1;2020-05-17;Rustic Granite Table Maine Nicaragua;Future-proofed Integration;Jewelery backing up;18602;Handmade Fresh Car;48162;distributed Inlet front-end;true;calculate back-end Organic;1
2;2020-05-17;Customer Moroccan Dirham;orchestration;SCSI West Virginia frictionless;94872;leading edge Greens payment;53712;Frozen Frozen;false;monitor transmit;2
3;2020-05-17;Cambridgeshire Configuration;Avon blue methodologies;primary;24729;salmon efficient visualize;11841;Direct;false;Innovative generating Bacon;3
4;2020-05-16;Incredible Soft Shoes Small;orchid;Paradigm;59813;groupware Kentucky Devolved;68183;reinvent;true;Borders Refined Frozen Ball functionalities;4
5;2020-05-17;Paraguay focus group Soft;quantifying;Steel connecting;27957;Extensions Directives;87725;Bedfordshire;true;Future-proofed Martinique Games;5
6;2020-05-17;Avon;Awesome Wooden Pants;Pound Sterling;46799;orange Outdoors;2276;invoice;false;lime;6
7;2020-05-17;firewall e-services Heights;functionalities;Fantastic Metal Hat;15014;enhance;72821;emulation Row;false;Row Senior circuit;7
8;2020-05-17;applications Tools multi-byte;Product Phased;overriding real-time Malawi;30224;calculate overriding Plastic;79185;Texas e-business;false;Applications Tasty Cotton Bacon;8
9;2020-05-17;Cloned Home Loan Account Small;Berkshire;non-volatile Kids standardization;23255;compressing transmitting Handmade Plastic Fish;3164;Frozen primary Borders;false;collaborative directional Associate;9
10;2020-05-16;application;Falkland Islands Pound;generate Factors Berkshire;85630;encompassing Kentucky;82520;integrated;true;Markets Gorgeous;10
